,Date,Country,Seats_arrivals_intl,Number_of_flights_intl
0,2019-01-01,Micronesia (Federated States of),332.0,2.0
1,2019-01-02,Micronesia (Federated States of),0.0,0.0
2,2019-01-03,Micronesia (Federated States of),166.0,1.0
3,2019-01-04,Micronesia (Federated States of),0.0,0.0
4,2019-01-05,Micronesia (Federated States of),365.0,3.0
5,2019-01-06,Micronesia (Federated States of),498.0,2.0
6,2019-01-07,Micronesia (Federated States of),0.0,0.0
7,2019-01-08,Micronesia (Federated States of),332.0,2.0
8,2019-01-09,Micronesia (Federated States of),0.0,0.0
9,2019-01-10,Micronesia (Federated States of),332.0,2.0
10,2019-01-11,Micronesia (Federated States of),0.0,0.0
11,2019-01-12,Micronesia (Federated States of),737.0,4.0
12,2019-01-13,Micronesia (Federated States of),332.0,2.0
13,2019-01-14,Micronesia (Federated States of),0.0,0.0
14,2019-01-15,Micronesia (Federated States of),166.0,1.0
15,2019-01-16,Micronesia (Federated States of),166.0,1.0
16,2019-01-17,Micronesia (Federated States of),0.0,0.0
17,2019-01-18,Micronesia (Federated States of),332.0,2.0
18,2019-01-19,Micronesia (Federated States of),664.0,3.0
19,2019-01-20,Micronesia (Federated States of),166.0,1.0
20,2019-01-21,Micronesia (Federated States of),0.0,0.0
21,2019-01-22,Micronesia (Federated States of),332.0,2.0
22,2019-01-23,Micronesia (Federated States of),166.0,1.0
23,2019-01-24,Micronesia (Federated States of),332.0,2.0
24,2019-01-25,Micronesia (Federated States of),0.0,0.0
25,2019-01-26,Micronesia (Federated States of),571.0,3.0
26,2019-01-27,Micronesia (Federated States of),332.0,2.0
27,2019-01-28,Micronesia (Federated States of),0.0,0.0
28,2019-01-29,Micronesia (Federated States of),332.0,2.0
29,2019-01-30,Micronesia (Federated States of),0.0,0.0
30,2019-01-31,Micronesia (Federated States of),332.0,2.0
31,2019-02-01,Micronesia (Federated States of),0.0,0.0
32,2019-02-02,Micronesia (Federated States of),697.0,4.0
33,2019-02-03,Micronesia (Federated States of),332.0,2.0
34,2019-02-04,Micronesia (Federated States of),0.0,0.0
35,2019-02-05,Micronesia (Federated States of),498.0,3.0
36,2019-02-06,Micronesia (Federated States of),0.0,0.0
37,2019-02-07,Micronesia (Federated States of),332.0,2.0
38,2019-02-08,Micronesia (Federated States of),0.0,0.0
39,2019-02-09,Micronesia (Federated States of),571.0,3.0
40,2019-02-10,Micronesia (Federated States of),166.0,1.0
41,2019-02-11,Micronesia (Federated States of),0.0,0.0
42,2019-02-12,Micronesia (Federated States of),498.0,3.0
43,2019-02-13,Micronesia (Federated States of),0.0,0.0
44,2019-02-14,Micronesia (Federated States of),166.0,1.0
45,2019-02-15,Micronesia (Federated States of),0.0,0.0
46,2019-02-16,Micronesia (Federated States of),697.0,4.0
47,2019-02-17,Micronesia (Federated States of),166.0,1.0
48,2019-02-18,Micronesia (Federated States of),166.0,1.0
49,2019-02-19,Micronesia (Federated States of),332.0,2.0
50,2019-02-20,Micronesia (Federated States of),0.0,0.0
51,2019-02-21,Micronesia (Federated States of),332.0,2.0
52,2019-02-22,Micronesia (Federated States of),0.0,0.0
53,2019-02-23,Micronesia (Federated States of),73.0,1.0
54,2019-02-24,Micronesia (Federated States of),166.0,1.0
55,2019-02-25,Micronesia (Federated States of),0.0,0.0
56,2019-02-26,Micronesia (Federated States of),498.0,3.0
57,2019-02-27,Micronesia (Federated States of),0.0,0.0
58,2019-02-28,Micronesia (Federated States of),0.0,0.0
59,2019-03-01,Micronesia (Federated States of),166.0,1.0
60,2019-03-02,Micronesia (Federated States of),531.0,3.0
61,2019-03-03,Micronesia (Federated States of),332.0,2.0
62,2019-03-04,Micronesia (Federated States of),0.0,0.0
63,2019-03-05,Micronesia (Federated States of),332.0,2.0
64,2019-03-06,Micronesia (Federated States of),0.0,0.0
65,2019-03-07,Micronesia (Federated States of),332.0,2.0
66,2019-03-08,Micronesia (Federated States of),0.0,0.0
67,2019-03-09,Micronesia (Federated States of),697.0,4.0
68,2019-03-10,Micronesia (Federated States of),166.0,1.0
69,2019-03-11,Micronesia (Federated States of),166.0,1.0
70,2019-03-12,Micronesia (Federated States of),498.0,3.0
71,2019-03-13,Micronesia (Federated States of),0.0,0.0
72,2019-03-14,Micronesia (Federated States of),0.0,0.0
73,2019-03-15,Micronesia (Federated States of),166.0,1.0
74,2019-03-16,Micronesia (Federated States of),624.0,3.0
75,2019-03-17,Micronesia (Federated States of),0.0,0.0
76,2019-03-18,Micronesia (Federated States of),498.0,3.0
77,2019-03-19,Micronesia (Federated States of),498.0,3.0
78,2019-03-20,Micronesia (Federated States of),0.0,0.0
79,2019-03-21,Micronesia (Federated States of),332.0,2.0
80,2019-03-22,Micronesia (Federated States of),0.0,0.0
81,2019-03-23,Micronesia (Federated States of),531.0,3.0
82,2019-03-24,Micronesia (Federated States of),166.0,1.0
83,2019-03-25,Micronesia (Federated States of),166.0,1.0
84,2019-03-26,Micronesia (Federated States of),498.0,3.0
85,2019-03-27,Micronesia (Federated States of),0.0,0.0
86,2019-03-28,Micronesia (Federated States of),332.0,2.0
87,2019-03-29,Micronesia (Federated States of),0.0,0.0
88,2019-03-30,Micronesia (Federated States of),737.0,4.0
89,2019-03-31,Micronesia (Federated States of),166.0,1.0
90,2019-04-01,Micronesia (Federated States of),166.0,1.0
91,2019-04-02,Micronesia (Federated States of),332.0,2.0
92,2019-04-03,Micronesia (Federated States of),0.0,0.0
93,2019-04-04,Micronesia (Federated States of),166.0,1.0
94,2019-04-05,Micronesia (Federated States of),0.0,0.0
95,2019-04-06,Micronesia (Federated States of),697.0,4.0
96,2019-04-07,Micronesia (Federated States of),166.0,1.0
97,2019-04-08,Micronesia (Federated States of),166.0,1.0
98,2019-04-09,Micronesia (Federated States of),332.0,2.0
99,2019-04-10,Micronesia (Federated States of),0.0,0.0
100,2019-04-11,Micronesia (Federated States of),166.0,1.0
101,2019-04-12,Micronesia (Federated States of),0.0,0.0
102,2019-04-13,Micronesia (Federated States of),664.0,3.0
103,2019-04-14,Micronesia (Federated States of),166.0,1.0
104,2019-04-15,Micronesia (Federated States of),166.0,1.0
105,2019-04-16,Micronesia (Federated States of),498.0,3.0
106,2019-04-17,Micronesia (Federated States of),0.0,0.0
107,2019-04-18,Micronesia (Federated States of),332.0,2.0
108,2019-04-19,Micronesia (Federated States of),0.0,0.0
109,2019-04-20,Micronesia (Federated States of),624.0,3.0
110,2019-04-21,Micronesia (Federated States of),166.0,1.0
111,2019-04-22,Micronesia (Federated States of),166.0,1.0
112,2019-04-23,Micronesia (Federated States of),332.0,2.0
113,2019-04-24,Micronesia (Federated States of),0.0,0.0
114,2019-04-25,Micronesia (Federated States of),332.0,2.0
115,2019-04-26,Micronesia (Federated States of),0.0,0.0
116,2019-04-27,Micronesia (Federated States of),584.0,3.0
117,2019-04-28,Micronesia (Federated States of),166.0,1.0
118,2019-04-29,Micronesia (Federated States of),126.0,1.0
119,2019-04-30,Micronesia (Federated States of),332.0,2.0
120,2019-05-01,Micronesia (Federated States of),0.0,0.0
121,2019-05-02,Micronesia (Federated States of),332.0,2.0
122,2019-05-03,Micronesia (Federated States of),0.0,0.0
123,2019-05-04,Micronesia (Federated States of),697.0,4.0
124,2019-05-05,Micronesia (Federated States of),166.0,1.0
125,2019-05-06,Micronesia (Federated States of),166.0,1.0
126,2019-05-07,Micronesia (Federated States of),332.0,2.0
127,2019-05-08,Micronesia (Federated States of),0.0,0.0
128,2019-05-09,Micronesia (Federated States of),332.0,2.0
129,2019-05-10,Micronesia (Federated States of),0.0,0.0
130,2019-05-11,Micronesia (Federated States of),531.0,4.0
131,2019-05-12,Micronesia (Federated States of),332.0,1.0
132,2019-05-13,Micronesia (Federated States of),0.0,0.0
133,2019-05-14,Micronesia (Federated States of),332.0,2.0
134,2019-05-15,Micronesia (Federated States of),0.0,0.0
135,2019-05-16,Micronesia (Federated States of),166.0,1.0
136,2019-05-17,Micronesia (Federated States of),0.0,0.0
137,2019-05-18,Micronesia (Federated States of),657.0,4.0
138,2019-05-19,Micronesia (Federated States of),166.0,1.0
139,2019-05-20,Micronesia (Federated States of),126.0,1.0
140,2019-05-21,Micronesia (Federated States of),332.0,2.0
141,2019-05-22,Micronesia (Federated States of),0.0,0.0
142,2019-05-23,Micronesia (Federated States of),166.0,1.0
143,2019-05-24,Micronesia (Federated States of),0.0,0.0
144,2019-05-25,Micronesia (Federated States of),697.0,4.0
145,2019-05-26,Micronesia (Federated States of),166.0,1.0
146,2019-05-27,Micronesia (Federated States of),126.0,1.0
147,2019-05-28,Micronesia (Federated States of),292.0,2.0
148,2019-05-29,Micronesia (Federated States of),0.0,0.0
149,2019-05-30,Micronesia (Federated States of),166.0,1.0
150,2019-05-31,Micronesia (Federated States of),0.0,0.0
151,2019-06-01,Micronesia (Federated States of),624.0,3.0
152,2019-06-02,Micronesia (Federated States of),239.0,2.0
153,2019-06-03,Micronesia (Federated States of),166.0,1.0
154,2019-06-04,Micronesia (Federated States of),332.0,2.0
155,2019-06-05,Micronesia (Federated States of),0.0,0.0
156,2019-06-06,Micronesia (Federated States of),166.0,1.0
157,2019-06-07,Micronesia (Federated States of),0.0,0.0
158,2019-06-08,Micronesia (Federated States of),531.0,3.0
159,2019-06-09,Micronesia (Federated States of),166.0,1.0
160,2019-06-10,Micronesia (Federated States of),166.0,1.0
161,2019-06-11,Micronesia (Federated States of),292.0,2.0
162,2019-06-12,Micronesia (Federated States of),0.0,0.0
163,2019-06-13,Micronesia (Federated States of),0.0,0.0
164,2019-06-14,Micronesia (Federated States of),166.0,1.0
165,2019-06-15,Micronesia (Federated States of),491.0,3.0
166,2019-06-16,Micronesia (Federated States of),166.0,1.0
167,2019-06-17,Micronesia (Federated States of),166.0,1.0
168,2019-06-18,Micronesia (Federated States of),332.0,2.0
169,2019-06-19,Micronesia (Federated States of),0.0,0.0
170,2019-06-20,Micronesia (Federated States of),166.0,1.0
171,2019-06-21,Micronesia (Federated States of),0.0,0.0
172,2019-06-22,Micronesia (Federated States of),697.0,4.0
173,2019-06-23,Micronesia (Federated States of),0.0,0.0
174,2019-06-24,Micronesia (Federated States of),332.0,1.0
175,2019-06-25,Micronesia (Federated States of),292.0,2.0
176,2019-06-26,Micronesia (Federated States of),0.0,0.0
177,2019-06-27,Micronesia (Federated States of),332.0,2.0
178,2019-06-28,Micronesia (Federated States of),0.0,0.0
179,2019-06-29,Micronesia (Federated States of),697.0,4.0
180,2019-06-30,Micronesia (Federated States of),332.0,2.0
181,2019-07-01,Micronesia (Federated States of),0.0,0.0
182,2019-07-02,Micronesia (Federated States of),498.0,3.0
183,2019-07-03,Micronesia (Federated States of),0.0,0.0
184,2019-07-04,Micronesia (Federated States of),332.0,2.0
185,2019-07-05,Micronesia (Federated States of),0.0,0.0
186,2019-07-06,Micronesia (Federated States of),531.0,3.0
187,2019-07-07,Micronesia (Federated States of),166.0,1.0
188,2019-07-08,Micronesia (Federated States of),166.0,1.0
189,2019-07-09,Micronesia (Federated States of),292.0,2.0
190,2019-07-10,Micronesia (Federated States of),0.0,0.0
191,2019-07-11,Micronesia (Federated States of),166.0,1.0
192,2019-07-12,Micronesia (Federated States of),166.0,1.0
193,2019-07-13,Micronesia (Federated States of),584.0,3.0
194,2019-07-14,Micronesia (Federated States of),166.0,1.0
195,2019-07-15,Micronesia (Federated States of),166.0,1.0
196,2019-07-16,Micronesia (Federated States of),332.0,2.0
197,2019-07-17,Micronesia (Federated States of),0.0,0.0
198,2019-07-18,Micronesia (Federated States of),166.0,1.0
199,2019-07-19,Micronesia (Federated States of),0.0,0.0
200,2019-07-20,Micronesia (Federated States of),531.0,3.0
201,2019-07-21,Micronesia (Federated States of),166.0,1.0
202,2019-07-22,Micronesia (Federated States of),0.0,0.0
203,2019-07-23,Micronesia (Federated States of),332.0,2.0
204,2019-07-24,Micronesia (Federated States of),0.0,0.0
205,2019-07-25,Micronesia (Federated States of),332.0,2.0
206,2019-07-26,Micronesia (Federated States of),0.0,0.0
207,2019-07-27,Micronesia (Federated States of),531.0,3.0
208,2019-07-28,Micronesia (Federated States of),166.0,1.0
209,2019-07-29,Micronesia (Federated States of),166.0,1.0
210,2019-07-30,Micronesia (Federated States of),292.0,2.0
211,2019-07-31,Micronesia (Federated States of),0.0,0.0
212,2019-08-01,Micronesia (Federated States of),166.0,1.0
213,2019-08-02,Micronesia (Federated States of),0.0,0.0
214,2019-08-03,Micronesia (Federated States of),531.0,3.0
215,2019-08-04,Micronesia (Federated States of),166.0,1.0
216,2019-08-05,Micronesia (Federated States of),166.0,1.0
217,2019-08-06,Micronesia (Federated States of),332.0,2.0
218,2019-08-07,Micronesia (Federated States of),0.0,0.0
219,2019-08-08,Micronesia (Federated States of),166.0,1.0
220,2019-08-09,Micronesia (Federated States of),0.0,0.0
221,2019-08-10,Micronesia (Federated States of),531.0,3.0
222,2019-08-11,Micronesia (Federated States of),166.0,1.0
223,2019-08-12,Micronesia (Federated States of),166.0,1.0
224,2019-08-13,Micronesia (Federated States of),498.0,3.0
225,2019-08-14,Micronesia (Federated States of),0.0,0.0
226,2019-08-15,Micronesia (Federated States of),166.0,1.0
227,2019-08-16,Micronesia (Federated States of),0.0,0.0
228,2019-08-17,Micronesia (Federated States of),458.0,2.0
229,2019-08-18,Micronesia (Federated States of),0.0,0.0
230,2019-08-19,Micronesia (Federated States of),166.0,1.0
231,2019-08-20,Micronesia (Federated States of),332.0,2.0
232,2019-08-21,Micronesia (Federated States of),0.0,0.0
233,2019-08-22,Micronesia (Federated States of),166.0,1.0
234,2019-08-23,Micronesia (Federated States of),0.0,0.0
235,2019-08-24,Micronesia (Federated States of),531.0,3.0
236,2019-08-25,Micronesia (Federated States of),239.0,2.0
237,2019-08-26,Micronesia (Federated States of),166.0,1.0
238,2019-08-27,Micronesia (Federated States of),332.0,2.0
239,2019-08-28,Micronesia (Federated States of),0.0,0.0
240,2019-08-29,Micronesia (Federated States of),166.0,1.0
241,2019-08-30,Micronesia (Federated States of),0.0,0.0
242,2019-08-31,Micronesia (Federated States of),531.0,3.0
243,2019-09-01,Micronesia (Federated States of),166.0,1.0
244,2019-09-02,Micronesia (Federated States of),0.0,0.0
245,2019-09-03,Micronesia (Federated States of),332.0,2.0
246,2019-09-04,Micronesia (Federated States of),0.0,0.0
247,2019-09-05,Micronesia (Federated States of),166.0,1.0
248,2019-09-06,Micronesia (Federated States of),0.0,0.0
249,2019-09-07,Micronesia (Federated States of),458.0,2.0
250,2019-09-08,Micronesia (Federated States of),166.0,1.0
251,2019-09-09,Micronesia (Federated States of),166.0,1.0
252,2019-09-10,Micronesia (Federated States of),332.0,2.0
253,2019-09-11,Micronesia (Federated States of),0.0,0.0
254,2019-09-12,Micronesia (Federated States of),332.0,2.0
255,2019-09-13,Micronesia (Federated States of),0.0,0.0
256,2019-09-14,Micronesia (Federated States of),531.0,3.0
257,2019-09-15,Micronesia (Federated States of),166.0,1.0
258,2019-09-16,Micronesia (Federated States of),0.0,0.0
259,2019-09-17,Micronesia (Federated States of),332.0,2.0
260,2019-09-18,Micronesia (Federated States of),0.0,0.0
261,2019-09-19,Micronesia (Federated States of),166.0,1.0
262,2019-09-20,Micronesia (Federated States of),0.0,0.0
263,2019-09-21,Micronesia (Federated States of),531.0,3.0
264,2019-09-22,Micronesia (Federated States of),166.0,1.0
265,2019-09-23,Micronesia (Federated States of),0.0,0.0
266,2019-09-24,Micronesia (Federated States of),332.0,2.0
267,2019-09-25,Micronesia (Federated States of),0.0,0.0
268,2019-09-26,Micronesia (Federated States of),166.0,1.0
269,2019-09-27,Micronesia (Federated States of),0.0,0.0
270,2019-09-28,Micronesia (Federated States of),531.0,3.0
271,2019-09-29,Micronesia (Federated States of),166.0,1.0
272,2019-09-30,Micronesia (Federated States of),166.0,1.0
273,2019-10-01,Micronesia (Federated States of),332.0,2.0
274,2019-10-02,Micronesia (Federated States of),0.0,0.0
275,2019-10-03,Micronesia (Federated States of),166.0,1.0
276,2019-10-04,Micronesia (Federated States of),0.0,0.0
277,2019-10-05,Micronesia (Federated States of),531.0,3.0
278,2019-10-06,Micronesia (Federated States of),166.0,1.0
279,2019-10-07,Micronesia (Federated States of),0.0,0.0
280,2019-10-08,Micronesia (Federated States of),332.0,2.0
281,2019-10-09,Micronesia (Federated States of),0.0,0.0
282,2019-10-10,Micronesia (Federated States of),166.0,1.0
283,2019-10-11,Micronesia (Federated States of),0.0,0.0
284,2019-10-12,Micronesia (Federated States of),531.0,3.0
285,2019-10-13,Micronesia (Federated States of),166.0,1.0
286,2019-10-14,Micronesia (Federated States of),166.0,1.0
287,2019-10-15,Micronesia (Federated States of),332.0,2.0
288,2019-10-16,Micronesia (Federated States of),0.0,0.0
289,2019-10-17,Micronesia (Federated States of),166.0,1.0
290,2019-10-18,Micronesia (Federated States of),0.0,0.0
291,2019-10-19,Micronesia (Federated States of),531.0,3.0
292,2019-10-20,Micronesia (Federated States of),166.0,1.0
293,2019-10-21,Micronesia (Federated States of),0.0,0.0
294,2019-10-22,Micronesia (Federated States of),332.0,2.0
295,2019-10-23,Micronesia (Federated States of),0.0,0.0
296,2019-10-24,Micronesia (Federated States of),166.0,1.0
297,2019-10-25,Micronesia (Federated States of),0.0,0.0
298,2019-10-26,Micronesia (Federated States of),365.0,3.0
299,2019-10-27,Micronesia (Federated States of),292.0,1.0
300,2019-10-28,Micronesia (Federated States of),0.0,0.0
301,2019-10-29,Micronesia (Federated States of),292.0,2.0
302,2019-10-30,Micronesia (Federated States of),0.0,0.0
303,2019-10-31,Micronesia (Federated States of),166.0,1.0
304,2019-11-01,Micronesia (Federated States of),0.0,0.0
305,2019-11-02,Micronesia (Federated States of),418.0,2.0
306,2019-11-03,Micronesia (Federated States of),166.0,1.0
307,2019-11-04,Micronesia (Federated States of),292.0,2.0
308,2019-11-05,Micronesia (Federated States of),292.0,2.0
309,2019-11-06,Micronesia (Federated States of),0.0,0.0
310,2019-11-07,Micronesia (Federated States of),126.0,1.0
311,2019-11-08,Micronesia (Federated States of),166.0,1.0
312,2019-11-09,Micronesia (Federated States of),491.0,3.0
313,2019-11-10,Micronesia (Federated States of),166.0,1.0
314,2019-11-11,Micronesia (Federated States of),0.0,0.0
315,2019-11-12,Micronesia (Federated States of),292.0,2.0
316,2019-11-13,Micronesia (Federated States of),0.0,0.0
317,2019-11-14,Micronesia (Federated States of),166.0,1.0
318,2019-11-15,Micronesia (Federated States of),166.0,1.0
319,2019-11-16,Micronesia (Federated States of),491.0,3.0
320,2019-11-17,Micronesia (Federated States of),166.0,1.0
321,2019-11-18,Micronesia (Federated States of),166.0,1.0
322,2019-11-19,Micronesia (Federated States of),292.0,2.0
323,2019-11-20,Micronesia (Federated States of),0.0,0.0
324,2019-11-21,Micronesia (Federated States of),166.0,1.0
325,2019-11-22,Micronesia (Federated States of),0.0,0.0
326,2019-11-23,Micronesia (Federated States of),491.0,3.0
327,2019-11-24,Micronesia (Federated States of),166.0,1.0
328,2019-11-25,Micronesia (Federated States of),0.0,0.0
329,2019-11-26,Micronesia (Federated States of),332.0,2.0
330,2019-11-27,Micronesia (Federated States of),0.0,0.0
331,2019-11-28,Micronesia (Federated States of),166.0,1.0
332,2019-11-29,Micronesia (Federated States of),0.0,0.0
333,2019-11-30,Micronesia (Federated States of),491.0,3.0
334,2019-12-01,Micronesia (Federated States of),166.0,1.0
335,2019-12-02,Micronesia (Federated States of),0.0,0.0
336,2019-12-03,Micronesia (Federated States of),332.0,2.0
337,2019-12-04,Micronesia (Federated States of),0.0,0.0
338,2019-12-05,Micronesia (Federated States of),166.0,1.0
339,2019-12-06,Micronesia (Federated States of),0.0,0.0
340,2019-12-07,Micronesia (Federated States of),531.0,3.0
341,2019-12-08,Micronesia (Federated States of),166.0,1.0
342,2019-12-09,Micronesia (Federated States of),0.0,0.0
343,2019-12-10,Micronesia (Federated States of),292.0,2.0
344,2019-12-11,Micronesia (Federated States of),0.0,0.0
345,2019-12-12,Micronesia (Federated States of),166.0,1.0
346,2019-12-13,Micronesia (Federated States of),0.0,0.0
347,2019-12-14,Micronesia (Federated States of),571.0,3.0
348,2019-12-15,Micronesia (Federated States of),0.0,0.0
349,2019-12-16,Micronesia (Federated States of),0.0,0.0
350,2019-12-17,Micronesia (Federated States of),166.0,1.0
351,2019-12-18,Micronesia (Federated States of),166.0,1.0
352,2019-12-19,Micronesia (Federated States of),166.0,1.0
353,2019-12-20,Micronesia (Federated States of),0.0,0.0
354,2019-12-21,Micronesia (Federated States of),531.0,3.0
355,2019-12-22,Micronesia (Federated States of),166.0,1.0
356,2019-12-23,Micronesia (Federated States of),166.0,1.0
357,2019-12-24,Micronesia (Federated States of),332.0,2.0
358,2019-12-25,Micronesia (Federated States of),0.0,0.0
359,2019-12-26,Micronesia (Federated States of),166.0,1.0
360,2019-12-27,Micronesia (Federated States of),0.0,0.0
361,2019-12-28,Micronesia (Federated States of),571.0,3.0
362,2019-12-29,Micronesia (Federated States of),166.0,1.0
363,2019-12-30,Micronesia (Federated States of),0.0,0.0
364,2019-12-31,Micronesia (Federated States of),292.0,2.0
365,2020-01-01,Micronesia (Federated States of),0.0,0.0
366,2020-01-02,Micronesia (Federated States of),166.0,1.0
367,2020-01-03,Micronesia (Federated States of),0.0,0.0
368,2020-01-04,Micronesia (Federated States of),531.0,3.0
369,2020-01-05,Micronesia (Federated States of),166.0,1.0
370,2020-01-06,Micronesia (Federated States of),0.0,0.0
371,2020-01-07,Micronesia (Federated States of),292.0,2.0
372,2020-01-08,Micronesia (Federated States of),0.0,0.0
373,2020-01-09,Micronesia (Federated States of),166.0,1.0
374,2020-01-10,Micronesia (Federated States of),0.0,0.0
375,2020-01-11,Micronesia (Federated States of),697.0,4.0
376,2020-01-12,Micronesia (Federated States of),166.0,1.0
377,2020-01-13,Micronesia (Federated States of),0.0,0.0
378,2020-01-14,Micronesia (Federated States of),332.0,2.0
379,2020-01-15,Micronesia (Federated States of),0.0,0.0
380,2020-01-16,Micronesia (Federated States of),166.0,1.0
381,2020-01-17,Micronesia (Federated States of),0.0,0.0
382,2020-01-18,Micronesia (Federated States of),491.0,3.0
383,2020-01-19,Micronesia (Federated States of),166.0,1.0
384,2020-01-20,Micronesia (Federated States of),0.0,0.0
385,2020-01-21,Micronesia (Federated States of),498.0,3.0
386,2020-01-22,Micronesia (Federated States of),0.0,0.0
387,2020-01-23,Micronesia (Federated States of),166.0,1.0
388,2020-01-24,Micronesia (Federated States of),0.0,0.0
389,2020-01-25,Micronesia (Federated States of),531.0,3.0
390,2020-01-26,Micronesia (Federated States of),0.0,0.0
391,2020-01-27,Micronesia (Federated States of),166.0,1.0
392,2020-01-28,Micronesia (Federated States of),332.0,2.0
393,2020-01-29,Micronesia (Federated States of),0.0,0.0
394,2020-01-30,Micronesia (Federated States of),166.0,1.0
395,2020-01-31,Micronesia (Federated States of),0.0,0.0
396,2020-02-01,Micronesia (Federated States of),571.0,3.0
397,2020-02-02,Micronesia (Federated States of),166.0,1.0
398,2020-02-03,Micronesia (Federated States of),0.0,0.0
399,2020-02-04,Micronesia (Federated States of),292.0,2.0
400,2020-02-05,Micronesia (Federated States of),0.0,0.0
401,2020-02-06,Micronesia (Federated States of),166.0,1.0
402,2020-02-07,Micronesia (Federated States of),0.0,0.0
403,2020-02-08,Micronesia (Federated States of),418.0,2.0
404,2020-02-09,Micronesia (Federated States of),166.0,1.0
405,2020-02-10,Micronesia (Federated States of),0.0,0.0
406,2020-02-11,Micronesia (Federated States of),332.0,2.0
407,2020-02-12,Micronesia (Federated States of),0.0,0.0
408,2020-02-13,Micronesia (Federated States of),166.0,1.0
409,2020-02-14,Micronesia (Federated States of),0.0,0.0
410,2020-02-15,Micronesia (Federated States of),418.0,2.0
411,2020-02-16,Micronesia (Federated States of),166.0,1.0
412,2020-02-17,Micronesia (Federated States of),0.0,0.0
413,2020-02-18,Micronesia (Federated States of),292.0,2.0
414,2020-02-19,Micronesia (Federated States of),0.0,0.0
415,2020-02-20,Micronesia (Federated States of),166.0,1.0
416,2020-02-21,Micronesia (Federated States of),0.0,0.0
417,2020-02-22,Micronesia (Federated States of),458.0,2.0
418,2020-02-23,Micronesia (Federated States of),166.0,1.0
419,2020-02-24,Micronesia (Federated States of),0.0,0.0
420,2020-02-25,Micronesia (Federated States of),292.0,2.0
421,2020-02-26,Micronesia (Federated States of),0.0,0.0
422,2020-02-27,Micronesia (Federated States of),166.0,1.0
423,2020-02-28,Micronesia (Federated States of),0.0,0.0
424,2020-02-29,Micronesia (Federated States of),458.0,2.0
425,2020-03-01,Micronesia (Federated States of),166.0,1.0
426,2020-03-02,Micronesia (Federated States of),0.0,0.0
427,2020-03-03,Micronesia (Federated States of),332.0,2.0
428,2020-03-04,Micronesia (Federated States of),0.0,0.0
429,2020-03-05,Micronesia (Federated States of),166.0,1.0
430,2020-03-06,Micronesia (Federated States of),0.0,0.0
431,2020-03-07,Micronesia (Federated States of),458.0,2.0
432,2020-03-08,Micronesia (Federated States of),166.0,1.0
433,2020-03-09,Micronesia (Federated States of),0.0,0.0
434,2020-03-10,Micronesia (Federated States of),332.0,2.0
435,2020-03-11,Micronesia (Federated States of),0.0,0.0
436,2020-03-12,Micronesia (Federated States of),166.0,1.0
437,2020-03-13,Micronesia (Federated States of),0.0,0.0
438,2020-03-14,Micronesia (Federated States of),418.0,2.0
439,2020-03-15,Micronesia (Federated States of),166.0,1.0
440,2020-03-16,Micronesia (Federated States of),0.0,0.0
441,2020-03-17,Micronesia (Federated States of),292.0,2.0
442,2020-03-18,Micronesia (Federated States of),0.0,0.0
443,2020-03-19,Micronesia (Federated States of),0.0,0.0
444,2020-03-20,Micronesia (Federated States of),0.0,0.0
445,2020-03-21,Micronesia (Federated States of),332.0,2.0
446,2020-03-22,Micronesia (Federated States of),0.0,0.0
447,2020-03-23,Micronesia (Federated States of),0.0,0.0
448,2020-03-24,Micronesia (Federated States of),0.0,0.0
449,2020-03-25,Micronesia (Federated States of),0.0,0.0
450,2020-03-26,Micronesia (Federated States of),0.0,0.0
451,2020-03-27,Micronesia (Federated States of),0.0,0.0
452,2020-03-28,Micronesia (Federated States of),166.0,1.0
453,2020-03-29,Micronesia (Federated States of),126.0,1.0
454,2020-03-30,Micronesia (Federated States of),0.0,0.0
455,2020-03-31,Micronesia (Federated States of),0.0,0.0
456,2020-04-01,Micronesia (Federated States of),0.0,0.0
457,2020-04-02,Micronesia (Federated States of),0.0,0.0
458,2020-04-03,Micronesia (Federated States of),0.0,0.0
459,2020-04-04,Micronesia (Federated States of),0.0,0.0
460,2020-04-05,Micronesia (Federated States of),0.0,0.0
461,2020-04-06,Micronesia (Federated States of),0.0,0.0
462,2020-04-07,Micronesia (Federated States of),0.0,0.0
463,2020-04-08,Micronesia (Federated States of),0.0,0.0
464,2020-04-09,Micronesia (Federated States of),0.0,0.0
465,2020-04-10,Micronesia (Federated States of),0.0,0.0
466,2020-04-11,Micronesia (Federated States of),0.0,0.0
467,2020-04-12,Micronesia (Federated States of),166.0,1.0
468,2020-04-13,Micronesia (Federated States of),0.0,0.0
469,2020-04-14,Micronesia (Federated States of),0.0,0.0
470,2020-04-15,Micronesia (Federated States of),0.0,0.0
471,2020-04-16,Micronesia (Federated States of),0.0,0.0
472,2020-04-17,Micronesia (Federated States of),0.0,0.0
473,2020-04-18,Micronesia (Federated States of),0.0,0.0
474,2020-04-19,Micronesia (Federated States of),0.0,0.0
475,2020-04-20,Micronesia (Federated States of),0.0,0.0
476,2020-04-21,Micronesia (Federated States of),0.0,0.0
477,2020-04-22,Micronesia (Federated States of),0.0,0.0
478,2020-04-23,Micronesia (Federated States of),0.0,0.0
479,2020-04-24,Micronesia (Federated States of),0.0,0.0
480,2020-04-25,Micronesia (Federated States of),0.0,0.0
481,2020-04-26,Micronesia (Federated States of),0.0,0.0
482,2020-04-27,Micronesia (Federated States of),0.0,0.0
483,2020-04-28,Micronesia (Federated States of),0.0,0.0
484,2020-04-29,Micronesia (Federated States of),0.0,0.0
485,2020-04-30,Micronesia (Federated States of),0.0,0.0
486,2020-05-01,Micronesia (Federated States of),0.0,0.0
487,2020-05-02,Micronesia (Federated States of),0.0,0.0
488,2020-05-03,Micronesia (Federated States of),0.0,0.0
489,2020-05-04,Micronesia (Federated States of),0.0,0.0
490,2020-05-05,Micronesia (Federated States of),0.0,0.0
491,2020-05-06,Micronesia (Federated States of),0.0,0.0
492,2020-05-07,Micronesia (Federated States of),0.0,0.0
493,2020-05-08,Micronesia (Federated States of),0.0,0.0
494,2020-05-09,Micronesia (Federated States of),166.0,1.0
495,2020-05-10,Micronesia (Federated States of),0.0,0.0
496,2020-05-11,Micronesia (Federated States of),0.0,0.0
497,2020-05-12,Micronesia (Federated States of),0.0,0.0
498,2020-05-13,Micronesia (Federated States of),0.0,0.0
499,2020-05-14,Micronesia (Federated States of),0.0,0.0
500,2020-05-15,Micronesia (Federated States of),0.0,0.0
501,2020-05-16,Micronesia (Federated States of),166.0,1.0
502,2020-05-17,Micronesia (Federated States of),0.0,0.0
503,2020-05-18,Micronesia (Federated States of),0.0,0.0
504,2020-05-19,Micronesia (Federated States of),166.0,1.0
505,2020-05-20,Micronesia (Federated States of),0.0,0.0
506,2020-05-21,Micronesia (Federated States of),0.0,0.0
507,2020-05-22,Micronesia (Federated States of),0.0,0.0
508,2020-05-23,Micronesia (Federated States of),0.0,0.0
509,2020-05-24,Micronesia (Federated States of),0.0,0.0
510,2020-05-25,Micronesia (Federated States of),0.0,0.0
511,2020-05-26,Micronesia (Federated States of),0.0,0.0
512,2020-05-27,Micronesia (Federated States of),0.0,0.0
513,2020-05-28,Micronesia (Federated States of),0.0,0.0
514,2020-05-29,Micronesia (Federated States of),0.0,0.0
515,2020-05-30,Micronesia (Federated States of),0.0,0.0
516,2020-05-31,Micronesia (Federated States of),0.0,0.0
517,2020-06-01,Micronesia (Federated States of),0.0,0.0
518,2020-06-02,Micronesia (Federated States of),0.0,0.0
519,2020-06-03,Micronesia (Federated States of),0.0,0.0
520,2020-06-04,Micronesia (Federated States of),0.0,0.0
521,2020-06-05,Micronesia (Federated States of),0.0,0.0
522,2020-06-06,Micronesia (Federated States of),166.0,1.0
523,2020-06-07,Micronesia (Federated States of),0.0,0.0
524,2020-06-08,Micronesia (Federated States of),0.0,0.0
525,2020-06-09,Micronesia (Federated States of),0.0,0.0
526,2020-06-10,Micronesia (Federated States of),0.0,0.0
527,2020-06-11,Micronesia (Federated States of),0.0,0.0
528,2020-06-12,Micronesia (Federated States of),0.0,0.0
529,2020-06-13,Micronesia (Federated States of),0.0,0.0
530,2020-06-14,Micronesia (Federated States of),0.0,0.0
531,2020-06-15,Micronesia (Federated States of),0.0,0.0
532,2020-06-16,Micronesia (Federated States of),166.0,1.0
533,2020-06-17,Micronesia (Federated States of),0.0,0.0
534,2020-06-18,Micronesia (Federated States of),0.0,0.0
535,2020-06-19,Micronesia (Federated States of),0.0,0.0
536,2020-06-20,Micronesia (Federated States of),0.0,0.0
537,2020-06-21,Micronesia (Federated States of),0.0,0.0
538,2020-06-22,Micronesia (Federated States of),0.0,0.0
539,2020-06-23,Micronesia (Federated States of),0.0,0.0
540,2020-06-24,Micronesia (Federated States of),0.0,0.0
541,2020-06-25,Micronesia (Federated States of),0.0,0.0
542,2020-06-26,Micronesia (Federated States of),0.0,0.0
543,2020-06-27,Micronesia (Federated States of),126.0,1.0
544,2020-06-28,Micronesia (Federated States of),0.0,0.0
545,2020-06-29,Micronesia (Federated States of),0.0,0.0
546,2020-06-30,Micronesia (Federated States of),0.0,0.0
547,2020-07-01,Micronesia (Federated States of),0.0,0.0
548,2020-07-02,Micronesia (Federated States of),0.0,0.0
549,2020-07-03,Micronesia (Federated States of),0.0,0.0
550,2020-07-04,Micronesia (Federated States of),0.0,0.0
551,2020-07-05,Micronesia (Federated States of),0.0,0.0
552,2020-07-06,Micronesia (Federated States of),0.0,0.0
553,2020-07-07,Micronesia (Federated States of),0.0,0.0
554,2020-07-08,Micronesia (Federated States of),0.0,0.0
555,2020-07-09,Micronesia (Federated States of),0.0,0.0
556,2020-07-10,Micronesia (Federated States of),0.0,0.0
557,2020-07-11,Micronesia (Federated States of),252.0,2.0
558,2020-07-12,Micronesia (Federated States of),0.0,0.0
559,2020-07-13,Micronesia (Federated States of),0.0,0.0
560,2020-07-14,Micronesia (Federated States of),0.0,0.0
561,2020-07-15,Micronesia (Federated States of),0.0,0.0
562,2020-07-16,Micronesia (Federated States of),0.0,0.0
563,2020-07-17,Micronesia (Federated States of),0.0,0.0
564,2020-07-18,Micronesia (Federated States of),0.0,0.0
565,2020-07-19,Micronesia (Federated States of),0.0,0.0
566,2020-07-20,Micronesia (Federated States of),0.0,0.0
567,2020-07-21,Micronesia (Federated States of),0.0,0.0
568,2020-07-22,Micronesia (Federated States of),166.0,1.0
569,2020-07-23,Micronesia (Federated States of),0.0,0.0
570,2020-07-24,Micronesia (Federated States of),0.0,0.0
571,2020-07-25,Micronesia (Federated States of),0.0,0.0
572,2020-07-26,Micronesia (Federated States of),0.0,0.0
573,2020-07-27,Micronesia (Federated States of),0.0,0.0
574,2020-07-28,Micronesia (Federated States of),0.0,0.0
575,2020-07-29,Micronesia (Federated States of),0.0,0.0
576,2020-07-30,Micronesia (Federated States of),0.0,0.0
577,2020-07-31,Micronesia (Federated States of),0.0,0.0
578,2020-08-01,Micronesia (Federated States of),292.0,2.0
579,2020-08-02,Micronesia (Federated States of),0.0,0.0
580,2020-08-03,Micronesia (Federated States of),0.0,0.0
581,2020-08-04,Micronesia (Federated States of),0.0,0.0
582,2020-08-05,Micronesia (Federated States of),0.0,0.0
583,2020-08-06,Micronesia (Federated States of),0.0,0.0
584,2020-08-07,Micronesia (Federated States of),0.0,0.0
585,2020-08-08,Micronesia (Federated States of),166.0,1.0
586,2020-08-09,Micronesia (Federated States of),0.0,0.0
587,2020-08-10,Micronesia (Federated States of),0.0,0.0
588,2020-08-11,Micronesia (Federated States of),0.0,0.0
589,2020-08-12,Micronesia (Federated States of),0.0,0.0
590,2020-08-13,Micronesia (Federated States of),0.0,0.0
591,2020-08-14,Micronesia (Federated States of),0.0,0.0
592,2020-08-15,Micronesia (Federated States of),0.0,0.0
593,2020-08-16,Micronesia (Federated States of),0.0,0.0
594,2020-08-17,Micronesia (Federated States of),0.0,0.0
595,2020-08-18,Micronesia (Federated States of),0.0,0.0
596,2020-08-19,Micronesia (Federated States of),0.0,0.0
597,2020-08-20,Micronesia (Federated States of),0.0,0.0
598,2020-08-21,Micronesia (Federated States of),0.0,0.0
599,2020-08-22,Micronesia (Federated States of),166.0,1.0
600,2020-08-23,Micronesia (Federated States of),166.0,1.0
601,2020-08-24,Micronesia (Federated States of),332.0,1.0
602,2020-08-25,Micronesia (Federated States of),0.0,0.0
603,2020-08-26,Micronesia (Federated States of),0.0,0.0
604,2020-08-27,Micronesia (Federated States of),0.0,0.0
605,2020-08-28,Micronesia (Federated States of),0.0,0.0
606,2020-08-29,Micronesia (Federated States of),0.0,0.0
607,2020-08-30,Micronesia (Federated States of),0.0,0.0
608,2020-08-31,Micronesia (Federated States of),0.0,0.0
609,2020-09-01,Micronesia (Federated States of),0.0,0.0
610,2020-09-02,Micronesia (Federated States of),0.0,0.0
611,2020-09-03,Micronesia (Federated States of),0.0,0.0
612,2020-09-04,Micronesia (Federated States of),0.0,0.0
613,2020-09-05,Micronesia (Federated States of),0.0,0.0
614,2020-09-06,Micronesia (Federated States of),0.0,0.0
615,2020-09-07,Micronesia (Federated States of),0.0,0.0
616,2020-09-08,Micronesia (Federated States of),0.0,0.0
617,2020-09-09,Micronesia (Federated States of),0.0,0.0
618,2020-09-10,Micronesia (Federated States of),0.0,0.0
619,2020-09-11,Micronesia (Federated States of),0.0,0.0
620,2020-09-12,Micronesia (Federated States of),126.0,1.0
621,2020-09-13,Micronesia (Federated States of),0.0,0.0
622,2020-09-14,Micronesia (Federated States of),0.0,0.0
623,2020-09-15,Micronesia (Federated States of),0.0,0.0
624,2020-09-16,Micronesia (Federated States of),0.0,0.0
625,2020-09-17,Micronesia (Federated States of),166.0,1.0
626,2020-09-18,Micronesia (Federated States of),0.0,0.0
627,2020-09-19,Micronesia (Federated States of),126.0,1.0
628,2020-09-20,Micronesia (Federated States of),0.0,0.0
629,2020-09-21,Micronesia (Federated States of),0.0,0.0
630,2020-09-22,Micronesia (Federated States of),0.0,0.0
631,2020-09-23,Micronesia (Federated States of),0.0,0.0
632,2020-09-24,Micronesia (Federated States of),0.0,0.0
633,2020-09-25,Micronesia (Federated States of),0.0,0.0
634,2020-09-26,Micronesia (Federated States of),166.0,1.0
635,2020-09-27,Micronesia (Federated States of),0.0,0.0
636,2020-09-28,Micronesia (Federated States of),0.0,0.0
637,2020-09-29,Micronesia (Federated States of),0.0,0.0
638,2020-09-30,Micronesia (Federated States of),0.0,0.0
639,2020-10-01,Micronesia (Federated States of),0.0,0.0
640,2020-10-02,Micronesia (Federated States of),0.0,0.0
641,2020-10-03,Micronesia (Federated States of),0.0,0.0
642,2020-10-04,Micronesia (Federated States of),0.0,0.0
643,2020-10-05,Micronesia (Federated States of),0.0,0.0
644,2020-10-06,Micronesia (Federated States of),0.0,0.0
645,2020-10-07,Micronesia (Federated States of),0.0,0.0
646,2020-10-08,Micronesia (Federated States of),0.0,0.0
647,2020-10-09,Micronesia (Federated States of),0.0,0.0
648,2020-10-10,Micronesia (Federated States of),166.0,1.0
649,2020-10-11,Micronesia (Federated States of),0.0,0.0
650,2020-10-12,Micronesia (Federated States of),0.0,0.0
651,2020-10-13,Micronesia (Federated States of),0.0,0.0
652,2020-10-14,Micronesia (Federated States of),0.0,0.0
653,2020-10-15,Micronesia (Federated States of),166.0,1.0
654,2020-10-16,Micronesia (Federated States of),0.0,0.0
655,2020-10-17,Micronesia (Federated States of),126.0,1.0
656,2020-10-18,Micronesia (Federated States of),0.0,0.0
657,2020-10-19,Micronesia (Federated States of),0.0,0.0
658,2020-10-20,Micronesia (Federated States of),0.0,0.0
659,2020-10-21,Micronesia (Federated States of),0.0,0.0
660,2020-10-22,Micronesia (Federated States of),0.0,0.0
661,2020-10-23,Micronesia (Federated States of),0.0,0.0
662,2020-10-24,Micronesia (Federated States of),166.0,1.0
663,2020-10-25,Micronesia (Federated States of),0.0,0.0
664,2020-10-26,Micronesia (Federated States of),0.0,0.0
665,2020-10-27,Micronesia (Federated States of),0.0,0.0
666,2020-10-28,Micronesia (Federated States of),0.0,0.0
667,2020-10-29,Micronesia (Federated States of),166.0,1.0
668,2020-10-30,Micronesia (Federated States of),0.0,0.0
669,2020-10-31,Micronesia (Federated States of),166.0,1.0
670,2020-11-01,Micronesia (Federated States of),0.0,0.0
671,2020-11-02,Micronesia (Federated States of),0.0,0.0
672,2020-11-03,Micronesia (Federated States of),0.0,0.0
673,2020-11-04,Micronesia (Federated States of),0.0,0.0
674,2020-11-05,Micronesia (Federated States of),0.0,0.0
675,2020-11-06,Micronesia (Federated States of),0.0,0.0
676,2020-11-07,Micronesia (Federated States of),166.0,1.0
677,2020-11-08,Micronesia (Federated States of),0.0,0.0
678,2020-11-09,Micronesia (Federated States of),0.0,0.0
679,2020-11-10,Micronesia (Federated States of),0.0,0.0
680,2020-11-11,Micronesia (Federated States of),0.0,0.0
681,2020-11-12,Micronesia (Federated States of),166.0,1.0
682,2020-11-13,Micronesia (Federated States of),0.0,0.0
683,2020-11-14,Micronesia (Federated States of),0.0,0.0
684,2020-11-15,Micronesia (Federated States of),0.0,0.0
685,2020-11-16,Micronesia (Federated States of),0.0,0.0
686,2020-11-17,Micronesia (Federated States of),0.0,0.0
687,2020-11-18,Micronesia (Federated States of),0.0,0.0
688,2020-11-19,Micronesia (Federated States of),0.0,0.0
689,2020-11-20,Micronesia (Federated States of),0.0,0.0
690,2020-11-21,Micronesia (Federated States of),332.0,2.0
691,2020-11-22,Micronesia (Federated States of),0.0,0.0
692,2020-11-23,Micronesia (Federated States of),0.0,0.0
693,2020-11-24,Micronesia (Federated States of),0.0,0.0
694,2020-11-25,Micronesia (Federated States of),0.0,0.0
695,2020-11-26,Micronesia (Federated States of),166.0,1.0
696,2020-11-27,Micronesia (Federated States of),0.0,0.0
697,2020-11-28,Micronesia (Federated States of),0.0,0.0
698,2020-11-29,Micronesia (Federated States of),0.0,0.0
699,2020-11-30,Micronesia (Federated States of),0.0,0.0
700,2020-12-01,Micronesia (Federated States of),0.0,0.0
701,2020-12-02,Micronesia (Federated States of),0.0,0.0
702,2020-12-03,Micronesia (Federated States of),0.0,0.0
703,2020-12-04,Micronesia (Federated States of),0.0,0.0
704,2020-12-05,Micronesia (Federated States of),166.0,1.0
705,2020-12-06,Micronesia (Federated States of),0.0,0.0
706,2020-12-07,Micronesia (Federated States of),0.0,0.0
707,2020-12-08,Micronesia (Federated States of),0.0,0.0
708,2020-12-09,Micronesia (Federated States of),0.0,0.0
709,2020-12-10,Micronesia (Federated States of),166.0,1.0
710,2020-12-11,Micronesia (Federated States of),0.0,0.0
711,2020-12-12,Micronesia (Federated States of),0.0,0.0
712,2020-12-13,Micronesia (Federated States of),0.0,0.0
713,2020-12-14,Micronesia (Federated States of),0.0,0.0
714,2020-12-15,Micronesia (Federated States of),0.0,0.0
715,2020-12-16,Micronesia (Federated States of),0.0,0.0
716,2020-12-17,Micronesia (Federated States of),0.0,0.0
717,2020-12-18,Micronesia (Federated States of),0.0,0.0
718,2020-12-19,Micronesia (Federated States of),166.0,1.0
719,2020-12-20,Micronesia (Federated States of),0.0,0.0
720,2020-12-21,Micronesia (Federated States of),0.0,0.0
721,2020-12-22,Micronesia (Federated States of),0.0,0.0
722,2020-12-23,Micronesia (Federated States of),0.0,0.0
723,2020-12-24,Micronesia (Federated States of),0.0,0.0
724,2020-12-25,Micronesia (Federated States of),0.0,0.0
725,2020-12-26,Micronesia (Federated States of),166.0,1.0
726,2020-12-27,Micronesia (Federated States of),126.0,1.0
727,2020-12-28,Micronesia (Federated States of),0.0,0.0
728,2020-12-29,Micronesia (Federated States of),0.0,0.0
729,2020-12-30,Micronesia (Federated States of),0.0,0.0
730,2020-12-31,Micronesia (Federated States of),0.0,0.0
731,2021-01-01,Micronesia (Federated States of),0.0,0.0
732,2021-01-02,Micronesia (Federated States of),166.0,1.0
733,2021-01-03,Micronesia (Federated States of),0.0,0.0
734,2021-01-04,Micronesia (Federated States of),0.0,0.0
735,2021-01-05,Micronesia (Federated States of),0.0,0.0
736,2021-01-06,Micronesia (Federated States of),0.0,0.0
737,2021-01-07,Micronesia (Federated States of),0.0,0.0
738,2021-01-08,Micronesia (Federated States of),0.0,0.0
739,2021-01-09,Micronesia (Federated States of),0.0,0.0
740,2021-01-10,Micronesia (Federated States of),0.0,0.0
741,2021-01-11,Micronesia (Federated States of),0.0,0.0
742,2021-01-12,Micronesia (Federated States of),0.0,0.0
743,2021-01-13,Micronesia (Federated States of),0.0,0.0
744,2021-01-14,Micronesia (Federated States of),166.0,1.0
745,2021-01-15,Micronesia (Federated States of),0.0,0.0
746,2021-01-16,Micronesia (Federated States of),0.0,0.0
747,2021-01-17,Micronesia (Federated States of),0.0,0.0
748,2021-01-18,Micronesia (Federated States of),0.0,0.0
749,2021-01-19,Micronesia (Federated States of),0.0,0.0
750,2021-01-20,Micronesia (Federated States of),0.0,0.0
751,2021-01-21,Micronesia (Federated States of),0.0,0.0
752,2021-01-22,Micronesia (Federated States of),0.0,0.0
753,2021-01-23,Micronesia (Federated States of),0.0,0.0
754,2021-01-24,Micronesia (Federated States of),0.0,0.0
755,2021-01-25,Micronesia (Federated States of),0.0,0.0
756,2021-01-26,Micronesia (Federated States of),0.0,0.0
757,2021-01-27,Micronesia (Federated States of),0.0,0.0
758,2021-01-28,Micronesia (Federated States of),0.0,0.0
759,2021-01-29,Micronesia (Federated States of),0.0,0.0
760,2021-01-30,Micronesia (Federated States of),166.0,1.0
761,2021-01-31,Micronesia (Federated States of),0.0,0.0
762,2021-02-01,Micronesia (Federated States of),0.0,0.0
763,2021-02-02,Micronesia (Federated States of),0.0,0.0
764,2021-02-03,Micronesia (Federated States of),0.0,0.0
765,2021-02-04,Micronesia (Federated States of),0.0,0.0
766,2021-02-05,Micronesia (Federated States of),0.0,0.0
767,2021-02-06,Micronesia (Federated States of),166.0,1.0
768,2021-02-07,Micronesia (Federated States of),0.0,0.0
769,2021-02-08,Micronesia (Federated States of),0.0,0.0
770,2021-02-09,Micronesia (Federated States of),0.0,0.0
771,2021-02-10,Micronesia (Federated States of),0.0,0.0
772,2021-02-11,Micronesia (Federated States of),166.0,1.0
773,2021-02-12,Micronesia (Federated States of),0.0,0.0
774,2021-02-13,Micronesia (Federated States of),0.0,0.0
775,2021-02-14,Micronesia (Federated States of),0.0,0.0
776,2021-02-15,Micronesia (Federated States of),0.0,0.0
777,2021-02-16,Micronesia (Federated States of),0.0,0.0
778,2021-02-17,Micronesia (Federated States of),0.0,0.0
779,2021-02-18,Micronesia (Federated States of),0.0,0.0
780,2021-02-19,Micronesia (Federated States of),0.0,0.0
781,2021-02-20,Micronesia (Federated States of),0.0,0.0
782,2021-02-21,Micronesia (Federated States of),0.0,0.0
783,2021-02-22,Micronesia (Federated States of),0.0,0.0
784,2021-02-23,Micronesia (Federated States of),0.0,0.0
785,2021-02-24,Micronesia (Federated States of),0.0,0.0
786,2021-02-25,Micronesia (Federated States of),0.0,0.0
787,2021-02-26,Micronesia (Federated States of),0.0,0.0
788,2021-02-27,Micronesia (Federated States of),166.0,1.0
789,2021-02-28,Micronesia (Federated States of),0.0,0.0
790,2021-03-01,Micronesia (Federated States of),0.0,0.0
791,2021-03-02,Micronesia (Federated States of),0.0,0.0
792,2021-03-03,Micronesia (Federated States of),0.0,0.0
793,2021-03-04,Micronesia (Federated States of),0.0,0.0
794,2021-03-05,Micronesia (Federated States of),0.0,0.0
795,2021-03-06,Micronesia (Federated States of),166.0,1.0
796,2021-03-07,Micronesia (Federated States of),0.0,0.0
797,2021-03-08,Micronesia (Federated States of),0.0,0.0
798,2021-03-09,Micronesia (Federated States of),0.0,0.0
799,2021-03-10,Micronesia (Federated States of),0.0,0.0
800,2021-03-11,Micronesia (Federated States of),0.0,0.0
801,2021-03-12,Micronesia (Federated States of),0.0,0.0
802,2021-03-13,Micronesia (Federated States of),0.0,0.0
803,2021-03-14,Micronesia (Federated States of),166.0,1.0
804,2021-03-15,Micronesia (Federated States of),0.0,0.0
805,2021-03-16,Micronesia (Federated States of),0.0,0.0
806,2021-03-17,Micronesia (Federated States of),0.0,0.0
807,2021-03-18,Micronesia (Federated States of),0.0,0.0
808,2021-03-19,Micronesia (Federated States of),0.0,0.0
809,2021-03-20,Micronesia (Federated States of),0.0,0.0
810,2021-03-21,Micronesia (Federated States of),0.0,0.0
811,2021-03-22,Micronesia (Federated States of),0.0,0.0
812,2021-03-23,Micronesia (Federated States of),0.0,0.0
813,2021-03-24,Micronesia (Federated States of),0.0,0.0
814,2021-03-25,Micronesia (Federated States of),0.0,0.0
815,2021-03-26,Micronesia (Federated States of),0.0,0.0
816,2021-03-27,Micronesia (Federated States of),166.0,1.0
817,2021-03-28,Micronesia (Federated States of),0.0,0.0
818,2021-03-29,Micronesia (Federated States of),0.0,0.0
819,2021-03-30,Micronesia (Federated States of),0.0,0.0
820,2021-03-31,Micronesia (Federated States of),0.0,0.0
821,2021-04-01,Micronesia (Federated States of),0.0,0.0
822,2021-04-02,Micronesia (Federated States of),0.0,0.0
823,2021-04-03,Micronesia (Federated States of),0.0,0.0
824,2021-04-04,Micronesia (Federated States of),0.0,0.0
825,2021-04-05,Micronesia (Federated States of),0.0,0.0
826,2021-04-06,Micronesia (Federated States of),0.0,0.0
827,2021-04-07,Micronesia (Federated States of),0.0,0.0
828,2021-04-08,Micronesia (Federated States of),0.0,0.0
829,2021-04-09,Micronesia (Federated States of),0.0,0.0
830,2021-04-10,Micronesia (Federated States of),166.0,1.0
831,2021-04-11,Micronesia (Federated States of),166.0,1.0
832,2021-04-12,Micronesia (Federated States of),0.0,0.0
833,2021-04-13,Micronesia (Federated States of),0.0,0.0
834,2021-04-14,Micronesia (Federated States of),0.0,0.0
835,2021-04-15,Micronesia (Federated States of),0.0,0.0
836,2021-04-16,Micronesia (Federated States of),0.0,0.0
837,2021-04-17,Micronesia (Federated States of),0.0,0.0
838,2021-04-18,Micronesia (Federated States of),0.0,0.0
839,2021-04-19,Micronesia (Federated States of),0.0,0.0
840,2021-04-20,Micronesia (Federated States of),0.0,0.0
841,2021-04-21,Micronesia (Federated States of),0.0,0.0
842,2021-04-22,Micronesia (Federated States of),0.0,0.0
843,2021-04-23,Micronesia (Federated States of),0.0,0.0
844,2021-04-24,Micronesia (Federated States of),166.0,1.0
845,2021-04-25,Micronesia (Federated States of),0.0,0.0
846,2021-04-26,Micronesia (Federated States of),0.0,0.0
847,2021-04-27,Micronesia (Federated States of),0.0,0.0
848,2021-04-28,Micronesia (Federated States of),0.0,0.0
849,2021-04-29,Micronesia (Federated States of),0.0,0.0
850,2021-04-30,Micronesia (Federated States of),0.0,0.0
851,2021-05-01,Micronesia (Federated States of),0.0,0.0
852,2021-05-02,Micronesia (Federated States of),0.0,0.0
853,2021-05-03,Micronesia (Federated States of),0.0,0.0
854,2021-05-04,Micronesia (Federated States of),0.0,0.0
855,2021-05-05,Micronesia (Federated States of),0.0,0.0
856,2021-05-06,Micronesia (Federated States of),0.0,0.0
857,2021-05-07,Micronesia (Federated States of),0.0,0.0
858,2021-05-08,Micronesia (Federated States of),0.0,0.0
859,2021-05-09,Micronesia (Federated States of),166.0,1.0
860,2021-05-10,Micronesia (Federated States of),0.0,0.0
861,2021-05-11,Micronesia (Federated States of),0.0,0.0
862,2021-05-12,Micronesia (Federated States of),0.0,0.0
863,2021-05-13,Micronesia (Federated States of),0.0,0.0
864,2021-05-14,Micronesia (Federated States of),0.0,0.0
865,2021-05-15,Micronesia (Federated States of),166.0,1.0
866,2021-05-16,Micronesia (Federated States of),0.0,0.0
867,2021-05-17,Micronesia (Federated States of),166.0,1.0
868,2021-05-18,Micronesia (Federated States of),0.0,0.0
869,2021-05-19,Micronesia (Federated States of),0.0,0.0
870,2021-05-20,Micronesia (Federated States of),0.0,0.0
871,2021-05-21,Micronesia (Federated States of),0.0,0.0
872,2021-05-22,Micronesia (Federated States of),166.0,1.0
873,2021-05-23,Micronesia (Federated States of),166.0,1.0
874,2021-05-24,Micronesia (Federated States of),0.0,0.0
875,2021-05-25,Micronesia (Federated States of),0.0,0.0
876,2021-05-26,Micronesia (Federated States of),0.0,0.0
877,2021-05-27,Micronesia (Federated States of),0.0,0.0
878,2021-05-28,Micronesia (Federated States of),0.0,0.0
879,2021-05-29,Micronesia (Federated States of),0.0,0.0
880,2021-05-30,Micronesia (Federated States of),0.0,0.0
881,2021-05-31,Micronesia (Federated States of),0.0,0.0
882,2021-06-01,Micronesia (Federated States of),0.0,0.0
883,2021-06-02,Micronesia (Federated States of),166.0,1.0
884,2021-06-03,Micronesia (Federated States of),0.0,0.0
885,2021-06-04,Micronesia (Federated States of),0.0,0.0
886,2021-06-05,Micronesia (Federated States of),0.0,0.0
887,2021-06-06,Micronesia (Federated States of),166.0,1.0
888,2021-06-07,Micronesia (Federated States of),0.0,0.0
889,2021-06-08,Micronesia (Federated States of),0.0,0.0
890,2021-06-09,Micronesia (Federated States of),0.0,0.0
891,2021-06-10,Micronesia (Federated States of),0.0,0.0
892,2021-06-11,Micronesia (Federated States of),0.0,0.0
893,2021-06-12,Micronesia (Federated States of),166.0,1.0
894,2021-06-13,Micronesia (Federated States of),0.0,0.0
895,2021-06-14,Micronesia (Federated States of),0.0,0.0
896,2021-06-15,Micronesia (Federated States of),0.0,0.0
897,2021-06-16,Micronesia (Federated States of),166.0,1.0
898,2021-06-17,Micronesia (Federated States of),0.0,0.0
899,2021-06-18,Micronesia (Federated States of),166.0,1.0
900,2021-06-19,Micronesia (Federated States of),166.0,1.0
901,2021-06-20,Micronesia (Federated States of),166.0,1.0
902,2021-06-21,Micronesia (Federated States of),0.0,0.0
903,2021-06-22,Micronesia (Federated States of),0.0,0.0
904,2021-06-23,Micronesia (Federated States of),0.0,0.0
905,2021-06-24,Micronesia (Federated States of),0.0,0.0
906,2021-06-25,Micronesia (Federated States of),0.0,0.0
907,2021-06-26,Micronesia (Federated States of),332.0,2.0
908,2021-06-27,Micronesia (Federated States of),0.0,0.0
909,2021-06-28,Micronesia (Federated States of),0.0,0.0
910,2021-06-29,Micronesia (Federated States of),0.0,0.0
911,2021-06-30,Micronesia (Federated States of),166.0,1.0
912,2021-07-01,Micronesia (Federated States of),0.0,0.0
913,2021-07-02,Micronesia (Federated States of),0.0,0.0
914,2021-07-03,Micronesia (Federated States of),166.0,1.0
915,2021-07-04,Micronesia (Federated States of),166.0,1.0
916,2021-07-05,Micronesia (Federated States of),0.0,0.0
917,2021-07-06,Micronesia (Federated States of),0.0,0.0
918,2021-07-07,Micronesia (Federated States of),166.0,1.0
919,2021-07-08,Micronesia (Federated States of),0.0,0.0
920,2021-07-09,Micronesia (Federated States of),0.0,0.0
921,2021-07-10,Micronesia (Federated States of),166.0,1.0
922,2021-07-11,Micronesia (Federated States of),166.0,1.0
923,2021-07-12,Micronesia (Federated States of),0.0,0.0
924,2021-07-13,Micronesia (Federated States of),0.0,0.0
925,2021-07-14,Micronesia (Federated States of),166.0,1.0
926,2021-07-15,Micronesia (Federated States of),0.0,0.0
927,2021-07-16,Micronesia (Federated States of),0.0,0.0
928,2021-07-17,Micronesia (Federated States of),166.0,1.0
929,2021-07-18,Micronesia (Federated States of),166.0,1.0
930,2021-07-19,Micronesia (Federated States of),0.0,0.0
931,2021-07-20,Micronesia (Federated States of),0.0,0.0
932,2021-07-21,Micronesia (Federated States of),166.0,1.0
933,2021-07-22,Micronesia (Federated States of),0.0,0.0
934,2021-07-23,Micronesia (Federated States of),166.0,1.0
935,2021-07-24,Micronesia (Federated States of),332.0,2.0
936,2021-07-25,Micronesia (Federated States of),166.0,1.0
937,2021-07-26,Micronesia (Federated States of),0.0,0.0
938,2021-07-27,Micronesia (Federated States of),0.0,0.0
939,2021-07-28,Micronesia (Federated States of),166.0,1.0
940,2021-07-29,Micronesia (Federated States of),0.0,0.0
941,2021-07-30,Micronesia (Federated States of),0.0,0.0
942,2021-07-31,Micronesia (Federated States of),166.0,1.0
943,2021-08-01,Micronesia (Federated States of),166.0,1.0
944,2021-08-02,Micronesia (Federated States of),0.0,0.0
945,2021-08-03,Micronesia (Federated States of),0.0,0.0
946,2021-08-04,Micronesia (Federated States of),166.0,1.0
947,2021-08-05,Micronesia (Federated States of),0.0,0.0
948,2021-08-06,Micronesia (Federated States of),0.0,0.0
949,2021-08-07,Micronesia (Federated States of),166.0,1.0
950,2021-08-08,Micronesia (Federated States of),166.0,1.0
951,2021-08-09,Micronesia (Federated States of),0.0,0.0
952,2021-08-10,Micronesia (Federated States of),0.0,0.0
953,2021-08-11,Micronesia (Federated States of),166.0,1.0
954,2021-08-12,Micronesia (Federated States of),0.0,0.0
955,2021-08-13,Micronesia (Federated States of),0.0,0.0
956,2021-08-14,Micronesia (Federated States of),166.0,1.0
957,2021-08-15,Micronesia (Federated States of),166.0,1.0
958,2021-08-16,Micronesia (Federated States of),0.0,0.0
959,2021-08-17,Micronesia (Federated States of),166.0,1.0
960,2021-08-18,Micronesia (Federated States of),166.0,1.0
961,2021-08-19,Micronesia (Federated States of),0.0,0.0
962,2021-08-20,Micronesia (Federated States of),0.0,0.0
963,2021-08-21,Micronesia (Federated States of),166.0,1.0
964,2021-08-22,Micronesia (Federated States of),166.0,1.0
965,2021-08-23,Micronesia (Federated States of),0.0,0.0
966,2021-08-24,Micronesia (Federated States of),0.0,0.0
967,2021-08-25,Micronesia (Federated States of),166.0,1.0
968,2021-08-26,Micronesia (Federated States of),0.0,0.0
969,2021-08-27,Micronesia (Federated States of),0.0,0.0
970,2021-08-28,Micronesia (Federated States of),332.0,2.0
971,2021-08-29,Micronesia (Federated States of),166.0,1.0
972,2021-08-30,Micronesia (Federated States of),0.0,0.0
973,2021-08-31,Micronesia (Federated States of),0.0,0.0
974,2021-09-01,Micronesia (Federated States of),166.0,1.0
975,2021-09-02,Micronesia (Federated States of),0.0,0.0
976,2021-09-03,Micronesia (Federated States of),0.0,0.0
977,2021-09-04,Micronesia (Federated States of),0.0,0.0
978,2021-09-05,Micronesia (Federated States of),332.0,2.0
979,2021-09-06,Micronesia (Federated States of),0.0,0.0
980,2021-09-07,Micronesia (Federated States of),0.0,0.0
981,2021-09-08,Micronesia (Federated States of),166.0,1.0
982,2021-09-09,Micronesia (Federated States of),0.0,0.0
983,2021-09-10,Micronesia (Federated States of),0.0,0.0
984,2021-09-11,Micronesia (Federated States of),166.0,1.0
985,2021-09-12,Micronesia (Federated States of),166.0,1.0
986,2021-09-13,Micronesia (Federated States of),0.0,0.0
987,2021-09-14,Micronesia (Federated States of),0.0,0.0
988,2021-09-15,Micronesia (Federated States of),166.0,1.0
989,2021-09-16,Micronesia (Federated States of),0.0,0.0
990,2021-09-17,Micronesia (Federated States of),0.0,0.0
991,2021-09-18,Micronesia (Federated States of),166.0,1.0
992,2021-09-19,Micronesia (Federated States of),166.0,1.0
993,2021-09-20,Micronesia (Federated States of),0.0,0.0
994,2021-09-21,Micronesia (Federated States of),0.0,0.0
995,2021-09-22,Micronesia (Federated States of),166.0,1.0
996,2021-09-23,Micronesia (Federated States of),0.0,0.0
997,2021-09-24,Micronesia (Federated States of),0.0,0.0
998,2021-09-25,Micronesia (Federated States of),166.0,1.0
999,2021-09-26,Micronesia (Federated States of),166.0,1.0
1000,2021-09-27,Micronesia (Federated States of),0.0,0.0
1001,2021-09-28,Micronesia (Federated States of),0.0,0.0
1002,2021-09-29,Micronesia (Federated States of),166.0,1.0
1003,2021-09-30,Micronesia (Federated States of),0.0,0.0
1004,2021-10-01,Micronesia (Federated States of),0.0,0.0
1005,2021-10-02,Micronesia (Federated States of),332.0,2.0
1006,2021-10-03,Micronesia (Federated States of),166.0,1.0
1007,2021-10-04,Micronesia (Federated States of),0.0,0.0
1008,2021-10-05,Micronesia (Federated States of),166.0,1.0
1009,2021-10-06,Micronesia (Federated States of),0.0,0.0
1010,2021-10-07,Micronesia (Federated States of),0.0,0.0
1011,2021-10-08,Micronesia (Federated States of),0.0,0.0
1012,2021-10-09,Micronesia (Federated States of),166.0,1.0
1013,2021-10-10,Micronesia (Federated States of),166.0,1.0
1014,2021-10-11,Micronesia (Federated States of),0.0,0.0
1015,2021-10-12,Micronesia (Federated States of),0.0,0.0
1016,2021-10-13,Micronesia (Federated States of),166.0,1.0
1017,2021-10-14,Micronesia (Federated States of),0.0,0.0
1018,2021-10-15,Micronesia (Federated States of),0.0,0.0
1019,2021-10-16,Micronesia (Federated States of),166.0,1.0
1020,2021-10-17,Micronesia (Federated States of),166.0,1.0
1021,2021-10-18,Micronesia (Federated States of),0.0,0.0
1022,2021-10-19,Micronesia (Federated States of),166.0,1.0
1023,2021-10-20,Micronesia (Federated States of),0.0,0.0
1024,2021-10-21,Micronesia (Federated States of),0.0,0.0
1025,2021-10-22,Micronesia (Federated States of),0.0,0.0
1026,2021-10-23,Micronesia (Federated States of),332.0,2.0
1027,2021-10-24,Micronesia (Federated States of),166.0,1.0
1028,2021-10-25,Micronesia (Federated States of),0.0,0.0
1029,2021-10-26,Micronesia (Federated States of),166.0,1.0
1030,2021-10-27,Micronesia (Federated States of),0.0,0.0
1031,2021-10-28,Micronesia (Federated States of),0.0,0.0
1032,2021-10-29,Micronesia (Federated States of),0.0,0.0
1033,2021-10-30,Micronesia (Federated States of),166.0,1.0
1034,2021-10-31,Micronesia (Federated States of),166.0,1.0
1035,2021-11-01,Micronesia (Federated States of),0.0,0.0
1036,2021-11-02,Micronesia (Federated States of),166.0,1.0
1037,2021-11-03,Micronesia (Federated States of),0.0,0.0
1038,2021-11-04,Micronesia (Federated States of),0.0,0.0
1039,2021-11-05,Micronesia (Federated States of),0.0,0.0
1040,2021-11-06,Micronesia (Federated States of),166.0,1.0
1041,2021-11-07,Micronesia (Federated States of),166.0,1.0
1042,2021-11-08,Micronesia (Federated States of),0.0,0.0
1043,2021-11-09,Micronesia (Federated States of),332.0,2.0
1044,2021-11-10,Micronesia (Federated States of),0.0,0.0
1045,2021-11-11,Micronesia (Federated States of),166.0,1.0
1046,2021-11-12,Micronesia (Federated States of),0.0,0.0
1047,2021-11-13,Micronesia (Federated States of),166.0,1.0
1048,2021-11-14,Micronesia (Federated States of),166.0,1.0
1049,2021-11-15,Micronesia (Federated States of),332.0,2.0
1050,2021-11-16,Micronesia (Federated States of),166.0,1.0
1051,2021-11-17,Micronesia (Federated States of),0.0,0.0
1052,2021-11-18,Micronesia (Federated States of),0.0,0.0
1053,2021-11-19,Micronesia (Federated States of),0.0,0.0
1054,2021-11-20,Micronesia (Federated States of),166.0,1.0
1055,2021-11-21,Micronesia (Federated States of),166.0,1.0
1056,2021-11-22,Micronesia (Federated States of),0.0,0.0
1057,2021-11-23,Micronesia (Federated States of),166.0,1.0
1058,2021-11-24,Micronesia (Federated States of),0.0,0.0
1059,2021-11-25,Micronesia (Federated States of),0.0,0.0
1060,2021-11-26,Micronesia (Federated States of),0.0,0.0
1061,2021-11-27,Micronesia (Federated States of),332.0,2.0
1062,2021-11-28,Micronesia (Federated States of),166.0,1.0
1063,2021-11-29,Micronesia (Federated States of),0.0,0.0
1064,2021-11-30,Micronesia (Federated States of),0.0,0.0
1065,2021-12-01,Micronesia (Federated States of),166.0,1.0
1066,2021-12-02,Micronesia (Federated States of),166.0,1.0
1067,2021-12-03,Micronesia (Federated States of),0.0,0.0
1068,2021-12-04,Micronesia (Federated States of),166.0,1.0
1069,2021-12-05,Micronesia (Federated States of),166.0,1.0
1070,2021-12-06,Micronesia (Federated States of),0.0,0.0
1071,2021-12-07,Micronesia (Federated States of),332.0,2.0
1072,2021-12-08,Micronesia (Federated States of),0.0,0.0
1073,2021-12-09,Micronesia (Federated States of),0.0,0.0
1074,2021-12-10,Micronesia (Federated States of),0.0,0.0
1075,2021-12-11,Micronesia (Federated States of),166.0,1.0
1076,2021-12-12,Micronesia (Federated States of),166.0,1.0
1077,2021-12-13,Micronesia (Federated States of),0.0,0.0
1078,2021-12-14,Micronesia (Federated States of),166.0,1.0
1079,2021-12-15,Micronesia (Federated States of),0.0,0.0
1080,2021-12-16,Micronesia (Federated States of),0.0,0.0
1081,2021-12-17,Micronesia (Federated States of),0.0,0.0
1082,2021-12-18,Micronesia (Federated States of),166.0,1.0
1083,2021-12-19,Micronesia (Federated States of),166.0,1.0
1084,2021-12-20,Micronesia (Federated States of),0.0,0.0
1085,2021-12-21,Micronesia (Federated States of),166.0,1.0
1086,2021-12-22,Micronesia (Federated States of),0.0,0.0
1087,2021-12-23,Micronesia (Federated States of),0.0,0.0
1088,2021-12-24,Micronesia (Federated States of),0.0,0.0
1089,2021-12-25,Micronesia (Federated States of),166.0,1.0
1090,2021-12-26,Micronesia (Federated States of),166.0,1.0
1091,2021-12-27,Micronesia (Federated States of),0.0,0.0
1092,2021-12-28,Micronesia (Federated States of),166.0,1.0
1093,2021-12-29,Micronesia (Federated States of),0.0,0.0
1094,2021-12-30,Micronesia (Federated States of),0.0,0.0
1095,2021-12-31,Micronesia (Federated States of),0.0,0.0
1096,2022-01-01,Micronesia (Federated States of),332.0,2.0
1097,2022-01-02,Micronesia (Federated States of),166.0,1.0
1098,2022-01-03,Micronesia (Federated States of),0.0,0.0
1099,2022-01-04,Micronesia (Federated States of),310.0,2.0
1100,2022-01-05,Micronesia (Federated States of),0.0,0.0
1101,2022-01-06,Micronesia (Federated States of),0.0,0.0
1102,2022-01-07,Micronesia (Federated States of),0.0,0.0
1103,2022-01-08,Micronesia (Federated States of),166.0,1.0
1104,2022-01-09,Micronesia (Federated States of),166.0,1.0
1105,2022-01-10,Micronesia (Federated States of),0.0,0.0
1106,2022-01-11,Micronesia (Federated States of),166.0,1.0
1107,2022-01-12,Micronesia (Federated States of),0.0,0.0
1108,2022-01-13,Micronesia (Federated States of),0.0,0.0
1109,2022-01-14,Micronesia (Federated States of),0.0,0.0
1110,2022-01-15,Micronesia (Federated States of),166.0,1.0
1111,2022-01-16,Micronesia (Federated States of),166.0,1.0
1112,2022-01-17,Micronesia (Federated States of),0.0,0.0
1113,2022-01-18,Micronesia (Federated States of),0.0,0.0
1114,2022-01-19,Micronesia (Federated States of),166.0,1.0
1115,2022-01-20,Micronesia (Federated States of),0.0,0.0
1116,2022-01-21,Micronesia (Federated States of),0.0,0.0
1117,2022-01-22,Micronesia (Federated States of),166.0,1.0
1118,2022-01-23,Micronesia (Federated States of),166.0,1.0
1119,2022-01-24,Micronesia (Federated States of),0.0,0.0
1120,2022-01-25,Micronesia (Federated States of),166.0,1.0
1121,2022-01-26,Micronesia (Federated States of),0.0,0.0
1122,2022-01-27,Micronesia (Federated States of),166.0,1.0
1123,2022-01-28,Micronesia (Federated States of),0.0,0.0
1124,2022-01-29,Micronesia (Federated States of),166.0,1.0
1125,2022-01-30,Micronesia (Federated States of),166.0,1.0
1126,2022-01-31,Micronesia (Federated States of),0.0,0.0
1127,2022-02-01,Micronesia (Federated States of),166.0,1.0
1128,2022-02-02,Micronesia (Federated States of),0.0,0.0
1129,2022-02-03,Micronesia (Federated States of),0.0,0.0
1130,2022-02-04,Micronesia (Federated States of),0.0,0.0
1131,2022-02-05,Micronesia (Federated States of),332.0,2.0
1132,2022-02-06,Micronesia (Federated States of),166.0,1.0
1133,2022-02-07,Micronesia (Federated States of),0.0,0.0
1134,2022-02-08,Micronesia (Federated States of),0.0,0.0
1135,2022-02-09,Micronesia (Federated States of),0.0,0.0
1136,2022-02-10,Micronesia (Federated States of),0.0,0.0
1137,2022-02-11,Micronesia (Federated States of),0.0,0.0
1138,2022-02-12,Micronesia (Federated States of),166.0,1.0
1139,2022-02-13,Micronesia (Federated States of),166.0,1.0
1140,2022-02-14,Micronesia (Federated States of),0.0,0.0
1141,2022-02-15,Micronesia (Federated States of),0.0,0.0
1142,2022-02-16,Micronesia (Federated States of),0.0,0.0
1143,2022-02-17,Micronesia (Federated States of),0.0,0.0
1144,2022-02-18,Micronesia (Federated States of),0.0,0.0
1145,2022-02-19,Micronesia (Federated States of),166.0,1.0
1146,2022-02-20,Micronesia (Federated States of),166.0,1.0
1147,2022-02-21,Micronesia (Federated States of),0.0,0.0
1148,2022-02-22,Micronesia (Federated States of),0.0,0.0
1149,2022-02-23,Micronesia (Federated States of),0.0,0.0
1150,2022-02-24,Micronesia (Federated States of),0.0,0.0
1151,2022-02-25,Micronesia (Federated States of),0.0,0.0
1152,2022-02-26,Micronesia (Federated States of),166.0,1.0
1153,2022-02-27,Micronesia (Federated States of),166.0,1.0
1154,2022-02-28,Micronesia (Federated States of),0.0,0.0
1155,2022-03-01,Micronesia (Federated States of),0.0,0.0
1156,2022-03-02,Micronesia (Federated States of),0.0,0.0
1157,2022-03-03,Micronesia (Federated States of),0.0,0.0
1158,2022-03-04,Micronesia (Federated States of),0.0,0.0
1159,2022-03-05,Micronesia (Federated States of),332.0,2.0
1160,2022-03-06,Micronesia (Federated States of),166.0,1.0
1161,2022-03-07,Micronesia (Federated States of),0.0,0.0
1162,2022-03-08,Micronesia (Federated States of),0.0,0.0
1163,2022-03-09,Micronesia (Federated States of),0.0,0.0
1164,2022-03-10,Micronesia (Federated States of),0.0,0.0
1165,2022-03-11,Micronesia (Federated States of),0.0,0.0
1166,2022-03-12,Micronesia (Federated States of),166.0,1.0
1167,2022-03-13,Micronesia (Federated States of),166.0,1.0
1168,2022-03-14,Micronesia (Federated States of),0.0,0.0
1169,2022-03-15,Micronesia (Federated States of),0.0,0.0
1170,2022-03-16,Micronesia (Federated States of),0.0,0.0
1171,2022-03-17,Micronesia (Federated States of),0.0,0.0
1172,2022-03-18,Micronesia (Federated States of),0.0,0.0
1173,2022-03-19,Micronesia (Federated States of),166.0,1.0
1174,2022-03-20,Micronesia (Federated States of),166.0,1.0
1175,2022-03-21,Micronesia (Federated States of),0.0,0.0
1176,2022-03-22,Micronesia (Federated States of),0.0,0.0
1177,2022-03-23,Micronesia (Federated States of),0.0,0.0
1178,2022-03-24,Micronesia (Federated States of),0.0,0.0
1179,2022-03-25,Micronesia (Federated States of),0.0,0.0
1180,2022-03-26,Micronesia (Federated States of),166.0,1.0
1181,2022-03-27,Micronesia (Federated States of),166.0,1.0
1182,2022-03-28,Micronesia (Federated States of),0.0,0.0
1183,2022-03-29,Micronesia (Federated States of),0.0,0.0
1184,2022-03-30,Micronesia (Federated States of),0.0,0.0
1185,2022-03-31,Micronesia (Federated States of),0.0,0.0
1186,2022-04-01,Micronesia (Federated States of),0.0,0.0
1187,2022-04-02,Micronesia (Federated States of),166.0,1.0
1188,2022-04-03,Micronesia (Federated States of),166.0,1.0
1189,2022-04-04,Micronesia (Federated States of),0.0,0.0
1190,2022-04-05,Micronesia (Federated States of),166.0,1.0
1191,2022-04-06,Micronesia (Federated States of),170.0,1.0
1192,2022-04-07,Micronesia (Federated States of),0.0,0.0
1193,2022-04-08,Micronesia (Federated States of),0.0,0.0
1194,2022-04-09,Micronesia (Federated States of),166.0,1.0
1195,2022-04-10,Micronesia (Federated States of),166.0,1.0
1196,2022-04-11,Micronesia (Federated States of),0.0,0.0
1197,2022-04-12,Micronesia (Federated States of),0.0,0.0
1198,2022-04-13,Micronesia (Federated States of),0.0,0.0
1199,2022-04-14,Micronesia (Federated States of),0.0,0.0
1200,2022-04-15,Micronesia (Federated States of),0.0,0.0
1201,2022-04-16,Micronesia (Federated States of),166.0,1.0
1202,2022-04-17,Micronesia (Federated States of),166.0,1.0
1203,2022-04-18,Micronesia (Federated States of),0.0,0.0
1204,2022-04-19,Micronesia (Federated States of),0.0,0.0
1205,2022-04-20,Micronesia (Federated States of),0.0,0.0
1206,2022-04-21,Micronesia (Federated States of),0.0,0.0
1207,2022-04-22,Micronesia (Federated States of),0.0,0.0
1208,2022-04-23,Micronesia (Federated States of),166.0,1.0
1209,2022-04-24,Micronesia (Federated States of),166.0,1.0
1210,2022-04-25,Micronesia (Federated States of),0.0,0.0
1211,2022-04-26,Micronesia (Federated States of),0.0,0.0
1212,2022-04-27,Micronesia (Federated States of),0.0,0.0
1213,2022-04-28,Micronesia (Federated States of),0.0,0.0
1214,2022-04-29,Micronesia (Federated States of),0.0,0.0
1215,2022-04-30,Micronesia (Federated States of),166.0,1.0
1216,2022-05-01,Micronesia (Federated States of),166.0,1.0
1217,2022-05-02,Micronesia (Federated States of),0.0,0.0
1218,2022-05-03,Micronesia (Federated States of),0.0,0.0
1219,2022-05-04,Micronesia (Federated States of),0.0,0.0
1220,2022-05-05,Micronesia (Federated States of),0.0,0.0
1221,2022-05-06,Micronesia (Federated States of),0.0,0.0
1222,2022-05-07,Micronesia (Federated States of),166.0,1.0
1223,2022-05-08,Micronesia (Federated States of),166.0,1.0
1224,2022-05-09,Micronesia (Federated States of),332.0,1.0
1225,2022-05-10,Micronesia (Federated States of),332.0,2.0
1226,2022-05-11,Micronesia (Federated States of),166.0,1.0
1227,2022-05-12,Micronesia (Federated States of),166.0,1.0
1228,2022-05-13,Micronesia (Federated States of),0.0,0.0
1229,2022-05-14,Micronesia (Federated States of),166.0,1.0
1230,2022-05-15,Micronesia (Federated States of),166.0,1.0
1231,2022-05-16,Micronesia (Federated States of),0.0,0.0
1232,2022-05-17,Micronesia (Federated States of),166.0,1.0
1233,2022-05-18,Micronesia (Federated States of),0.0,0.0
1234,2022-05-19,Micronesia (Federated States of),166.0,1.0
1235,2022-05-20,Micronesia (Federated States of),0.0,0.0
1236,2022-05-21,Micronesia (Federated States of),166.0,1.0
1237,2022-05-22,Micronesia (Federated States of),166.0,1.0
1238,2022-05-23,Micronesia (Federated States of),0.0,0.0
1239,2022-05-24,Micronesia (Federated States of),332.0,2.0
1240,2022-05-25,Micronesia (Federated States of),0.0,0.0
1241,2022-05-26,Micronesia (Federated States of),166.0,1.0
1242,2022-05-27,Micronesia (Federated States of),0.0,0.0
1243,2022-05-28,Micronesia (Federated States of),166.0,1.0
1244,2022-05-29,Micronesia (Federated States of),166.0,1.0
1245,2022-05-30,Micronesia (Federated States of),0.0,0.0
1246,2022-05-31,Micronesia (Federated States of),166.0,1.0
1247,2022-06-01,Micronesia (Federated States of),0.0,0.0
1248,2022-06-02,Micronesia (Federated States of),166.0,1.0
1249,2022-06-03,Micronesia (Federated States of),0.0,0.0
1250,2022-06-04,Micronesia (Federated States of),166.0,1.0
1251,2022-06-05,Micronesia (Federated States of),166.0,1.0
1252,2022-06-06,Micronesia (Federated States of),0.0,0.0
1253,2022-06-07,Micronesia (Federated States of),332.0,2.0
1254,2022-06-08,Micronesia (Federated States of),0.0,0.0
1255,2022-06-09,Micronesia (Federated States of),166.0,1.0
1256,2022-06-10,Micronesia (Federated States of),0.0,0.0
1257,2022-06-11,Micronesia (Federated States of),166.0,1.0
1258,2022-06-12,Micronesia (Federated States of),166.0,1.0
1259,2022-06-13,Micronesia (Federated States of),0.0,0.0
1260,2022-06-14,Micronesia (Federated States of),332.0,2.0
1261,2022-06-15,Micronesia (Federated States of),0.0,0.0
1262,2022-06-16,Micronesia (Federated States of),0.0,0.0
1263,2022-06-17,Micronesia (Federated States of),0.0,0.0
1264,2022-06-18,Micronesia (Federated States of),166.0,1.0
1265,2022-06-19,Micronesia (Federated States of),166.0,1.0
1266,2022-06-20,Micronesia (Federated States of),0.0,0.0
1267,2022-06-21,Micronesia (Federated States of),166.0,1.0
1268,2022-06-22,Micronesia (Federated States of),166.0,1.0
1269,2022-06-23,Micronesia (Federated States of),166.0,1.0
1270,2022-06-24,Micronesia (Federated States of),0.0,0.0
1271,2022-06-25,Micronesia (Federated States of),166.0,1.0
1272,2022-06-26,Micronesia (Federated States of),144.0,1.0
1273,2022-06-27,Micronesia (Federated States of),166.0,1.0
1274,2022-06-28,Micronesia (Federated States of),166.0,1.0
1275,2022-06-29,Micronesia (Federated States of),166.0,1.0
1276,2022-06-30,Micronesia (Federated States of),166.0,1.0
1277,2022-07-01,Micronesia (Federated States of),0.0,0.0
1278,2022-07-02,Micronesia (Federated States of),166.0,1.0
1279,2022-07-03,Micronesia (Federated States of),166.0,1.0
1280,2022-07-04,Micronesia (Federated States of),0.0,0.0
1281,2022-07-05,Micronesia (Federated States of),498.0,3.0
1282,2022-07-06,Micronesia (Federated States of),0.0,0.0
1283,2022-07-07,Micronesia (Federated States of),166.0,1.0
1284,2022-07-08,Micronesia (Federated States of),0.0,0.0
1285,2022-07-09,Micronesia (Federated States of),166.0,1.0
1286,2022-07-10,Micronesia (Federated States of),166.0,1.0
1287,2022-07-11,Micronesia (Federated States of),0.0,0.0
1288,2022-07-12,Micronesia (Federated States of),332.0,2.0
1289,2022-07-13,Micronesia (Federated States of),0.0,0.0
1290,2022-07-14,Micronesia (Federated States of),166.0,1.0
1291,2022-07-15,Micronesia (Federated States of),0.0,0.0
1292,2022-07-16,Micronesia (Federated States of),166.0,1.0
1293,2022-07-17,Micronesia (Federated States of),166.0,1.0
1294,2022-07-18,Micronesia (Federated States of),0.0,0.0
1295,2022-07-19,Micronesia (Federated States of),332.0,2.0
1296,2022-07-20,Micronesia (Federated States of),0.0,0.0
1297,2022-07-21,Micronesia (Federated States of),166.0,1.0
1298,2022-07-22,Micronesia (Federated States of),0.0,0.0
1299,2022-07-23,Micronesia (Federated States of),166.0,1.0
1300,2022-07-24,Micronesia (Federated States of),166.0,1.0
1301,2022-07-25,Micronesia (Federated States of),0.0,0.0
1302,2022-07-26,Micronesia (Federated States of),0.0,0.0
1303,2022-07-27,Micronesia (Federated States of),166.0,1.0
1304,2022-07-28,Micronesia (Federated States of),0.0,0.0
1305,2022-07-29,Micronesia (Federated States of),166.0,1.0
1306,2022-07-30,Micronesia (Federated States of),166.0,1.0
1307,2022-07-31,Micronesia (Federated States of),166.0,1.0
1308,2022-08-01,Micronesia (Federated States of),0.0,0.0
1309,2022-08-02,Micronesia (Federated States of),166.0,1.0
1310,2022-08-03,Micronesia (Federated States of),166.0,1.0
1311,2022-08-04,Micronesia (Federated States of),166.0,1.0
1312,2022-08-05,Micronesia (Federated States of),0.0,0.0
1313,2022-08-06,Micronesia (Federated States of),166.0,1.0
1314,2022-08-07,Micronesia (Federated States of),166.0,1.0
1315,2022-08-08,Micronesia (Federated States of),0.0,0.0
1316,2022-08-09,Micronesia (Federated States of),332.0,2.0
1317,2022-08-10,Micronesia (Federated States of),0.0,0.0
1318,2022-08-11,Micronesia (Federated States of),166.0,1.0
1319,2022-08-12,Micronesia (Federated States of),0.0,0.0
1320,2022-08-13,Micronesia (Federated States of),166.0,1.0
1321,2022-08-14,Micronesia (Federated States of),166.0,1.0
1322,2022-08-15,Micronesia (Federated States of),0.0,0.0
1323,2022-08-16,Micronesia (Federated States of),332.0,2.0
1324,2022-08-17,Micronesia (Federated States of),0.0,0.0
1325,2022-08-18,Micronesia (Federated States of),166.0,1.0
1326,2022-08-19,Micronesia (Federated States of),0.0,0.0
1327,2022-08-20,Micronesia (Federated States of),166.0,1.0
1328,2022-08-21,Micronesia (Federated States of),166.0,1.0
1329,2022-08-22,Micronesia (Federated States of),0.0,0.0
1330,2022-08-23,Micronesia (Federated States of),166.0,1.0
1331,2022-08-24,Micronesia (Federated States of),166.0,1.0
1332,2022-08-25,Micronesia (Federated States of),166.0,1.0
1333,2022-08-26,Micronesia (Federated States of),0.0,0.0
1334,2022-08-27,Micronesia (Federated States of),166.0,1.0
1335,2022-08-28,Micronesia (Federated States of),166.0,1.0
1336,2022-08-29,Micronesia (Federated States of),0.0,0.0
1337,2022-08-30,Micronesia (Federated States of),332.0,2.0
1338,2022-08-31,Micronesia (Federated States of),0.0,0.0
1339,2022-09-01,Micronesia (Federated States of),0.0,0.0
1340,2022-09-02,Micronesia (Federated States of),0.0,0.0
1341,2022-09-03,Micronesia (Federated States of),166.0,1.0
1342,2022-09-04,Micronesia (Federated States of),166.0,1.0
1343,2022-09-05,Micronesia (Federated States of),0.0,0.0
1344,2022-09-06,Micronesia (Federated States of),166.0,1.0
1345,2022-09-07,Micronesia (Federated States of),166.0,1.0
1346,2022-09-08,Micronesia (Federated States of),166.0,1.0
1347,2022-09-09,Micronesia (Federated States of),0.0,0.0
1348,2022-09-10,Micronesia (Federated States of),166.0,1.0
1349,2022-09-11,Micronesia (Federated States of),166.0,1.0
1350,2022-09-12,Micronesia (Federated States of),0.0,0.0
1351,2022-09-13,Micronesia (Federated States of),166.0,1.0
1352,2022-09-14,Micronesia (Federated States of),166.0,1.0
1353,2022-09-15,Micronesia (Federated States of),166.0,1.0
1354,2022-09-16,Micronesia (Federated States of),0.0,0.0
1355,2022-09-17,Micronesia (Federated States of),166.0,1.0
1356,2022-09-18,Micronesia (Federated States of),166.0,1.0
1357,2022-09-19,Micronesia (Federated States of),0.0,0.0
1358,2022-09-20,Micronesia (Federated States of),332.0,2.0
1359,2022-09-21,Micronesia (Federated States of),0.0,0.0
1360,2022-09-22,Micronesia (Federated States of),166.0,1.0
1361,2022-09-23,Micronesia (Federated States of),166.0,1.0
1362,2022-09-24,Micronesia (Federated States of),166.0,1.0
1363,2022-09-25,Micronesia (Federated States of),166.0,1.0
1364,2022-09-26,Micronesia (Federated States of),0.0,0.0
1365,2022-09-27,Micronesia (Federated States of),498.0,3.0
1366,2022-09-28,Micronesia (Federated States of),0.0,0.0
1367,2022-09-29,Micronesia (Federated States of),166.0,1.0
1368,2022-09-30,Micronesia (Federated States of),0.0,0.0
1369,2022-10-01,Micronesia (Federated States of),166.0,1.0
1370,2022-10-02,Micronesia (Federated States of),0.0,0.0
1371,2022-10-03,Micronesia (Federated States of),166.0,1.0
1372,2022-10-04,Micronesia (Federated States of),166.0,1.0
1373,2022-10-05,Micronesia (Federated States of),0.0,0.0
1374,2022-10-06,Micronesia (Federated States of),166.0,1.0
1375,2022-10-07,Micronesia (Federated States of),0.0,0.0
1376,2022-10-08,Micronesia (Federated States of),166.0,1.0
1377,2022-10-09,Micronesia (Federated States of),166.0,1.0
1378,2022-10-10,Micronesia (Federated States of),0.0,0.0
1379,2022-10-11,Micronesia (Federated States of),0.0,0.0
1380,2022-10-12,Micronesia (Federated States of),166.0,1.0
1381,2022-10-13,Micronesia (Federated States of),166.0,1.0
1382,2022-10-14,Micronesia (Federated States of),0.0,0.0
1383,2022-10-15,Micronesia (Federated States of),166.0,1.0
1384,2022-10-16,Micronesia (Federated States of),166.0,1.0
